"REF_DATE","GEO","DGUID","Occupancy status","UOM","UOM_ID","SCALAR_FACTOR","SCALAR_ID","VECTOR","COORDINATE","VALUE","STATUS","SYMBOL","TERMINATED","DECIMALS"
"1996","Canada","00","Total, households","Percent","239","units ","0","v4299273","1.1","26.5","","","","1"
"1996","Canada","00","Renters","Percent","239","units ","0","v4299274","1.2","43.0","","","","1"
"1996","Canada","00","Owners","Percent","239","units ","0","v4299275","1.3","16.9","","","","1"
"1996","Newfoundland and Labrador","10","Total, households","Percent","239","units ","0","v4299276","2.1","19.1","","","","1"
"1996","Newfoundland and Labrador","10","Renters","Percent","239","units ","0","v4299277","2.2","43.2","","","","1"
"1996","Newfoundland and Labrador","10","Owners","Percent","239","units ","0","v4299278","2.3","12.0","","","","1"
"1996","Health and Community Services St. John's Region, Newfoundland and Labrador","1001","Total, households","Percent","239","units ","0","v4299279","3.1","24.2","","","","1"
"1996","Health and Community Services St. John's Region, Newfoundland and Labrador","1001","Renters","Percent","239","units ","0","v4299280","3.2","44.4","","","","1"
"1996","Health and Community Services St. John's Region, Newfoundland and Labrador","1001","Owners","Percent","239","units ","0","v4299281","3.3","14.9","","","","1"
"1996","Health and Community Services Eastern Region, Newfoundland and Labrador","1002","Total, households","Percent","239","units ","0","v4299282","4.1","16.5","","","","1"
"1996","Health and Community Services Eastern Region, Newfoundland and Labrador","1002","Renters","Percent","239","units ","0","v4299283","4.2","48.2","","","","1"
"1996","Health and Community Services Eastern Region, Newfoundland and Labrador","1002","Owners","Percent","239","units ","0","v4299284","4.3","11.3","","","","1"
"1996","Health and Community Services Central Region, Newfoundland and Labrador","1003","Total, households","Percent","239","units ","0","v4299285","5.1","15.9","","","","1"
"1996","Health and Community Services Central Region, Newfoundland and Labrador","1003","Renters","Percent","239","units ","0","v4299286","5.2","44.0","","","","1"
"1996","Health and Community Services Central Region, Newfoundland and Labrador","1003","Owners","Percent","239","units ","0","v4299287","5.3","10.1","","","","1"
"1996","Health and Community Services Western Region, Newfoundland and Labrador","1004","Total, households","Percent","239","units ","0","v4299288","6.1","19.1","","","","1"
"1996","Health and Community Services Western Region, Newfoundland and Labrador","1004","Renters","Percent","239","units ","0","v4299289","6.2","45.2","","","","1"
"1996","Health and Community Services Western Region, Newfoundland and Labrador","1004","Owners","Percent","239","units ","0","v4299290","6.3","11.4","","","","1"
"1996","Grenfell Regional Health Services Board, Newfoundland and Labrador","1005","Total, households","Percent","239","units ","0","v4299291","7.1","11.2","","","","1"
"1996","Grenfell Regional Health Services Board, Newfoundland and Labrador","1005","Renters","Percent","239","units ","0","v4299292","7.2","27.2","","","","1"
"1996","Grenfell Regional Health Services Board, Newfoundland and Labrador","1005","Owners","Percent","239","units ","0","v4299293","7.3","9.4","","","","1"
"1996","Health Labrador Corporation, Newfoundland and Labrador","1006","Total, households","Percent","239","units ","0","v4299294","8.1","11.6","","","","1"
"1996","Health Labrador Corporation, Newfoundland and Labrador","1006","Renters","Percent","239","units ","0","v4299295","8.2","19.0","","","","1"
"1996","Health Labrador Corporation, Newfoundland and Labrador","1006","Owners","Percent","239","units ","0","v4299296","8.3","7.8","","","","1"
"1996","Prince Edward Island","11","Total, households","Percent","239","units ","0","v4299297","9.1","20.9","","","","1"
"1996","Prince Edward Island","11","Renters","Percent","239","units ","0","v4299298","9.2","42.2","","","","1"
"1996","Prince Edward Island","11","Owners","Percent","239","units ","0","v4299299","9.3","12.4","","","","1"
"1996","Urban Health Region, Prince Edward Island","1101","Total, households","Percent","239","units ","0","v4299300","10.1","26.1","","","","1"
"1996","Urban Health Region, Prince Edward Island","1101","Renters","Percent","239","units ","0","v4299301","10.2","44.0","","","","1"
"1996","Urban Health Region, Prince Edward Island","1101","Owners","Percent","239","units ","0","v4299302","10.3","13.3","","","","1"
"1996","Rural Health Region, Prince Edward Island","1102","Total, households","Percent","239","units ","0","v4299303","11.1","15.5","","","","1"
"1996","Rural Health Region, Prince Edward Island","1102","Renters","Percent","239","units ","0","v4299304","11.2","37.0","","","","1"
"1996","Rural Health Region, Prince Edward Island","1102","Owners","Percent","239","units ","0","v4299305","11.3","11.8","","","","1"
"1996","Nova Scotia","12","Total, households","Percent","239","units ","0","v4299306","12.1","23.3","","","","1"
"1996","Nova Scotia","12","Renters","Percent","239","units ","0","v4299307","12.2","47.2","","","","1"
"1996","Nova Scotia","12","Owners","Percent","239","units ","0","v4299308","12.3","13.3","","","","1"
"1996","Zone 1, Nova Scotia","1201","Total, households","Percent","239","units ","0","v4299309","13.1","18.0","","","","1"
"1996","Zone 1, Nova Scotia","1201","Renters","Percent","239","units ","0","v4299310","13.2","44.4","","","","1"
"1996","Zone 1, Nova Scotia","1201","Owners","Percent","239","units ","0","v4299311","13.3","11.7","","","","1"
"1996","Zone 2, Nova Scotia","1202","Total, households","Percent","239","units ","0","v4299312","14.1","21.3","","","","1"
"1996","Zone 2, Nova Scotia","1202","Renters","Percent","239","units ","0","v4299313","14.2","42.9","","","","1"
"1996","Zone 2, Nova Scotia","1202","Owners","Percent","239","units ","0","v4299314","14.3","13.6","","","","1"
"1996","Zone 3, Nova Scotia","1203","Total, households","Percent","239","units ","0","v4299315","15.1","21.7","","","","1"
"1996","Zone 3, Nova Scotia","1203","Renters","Percent","239","units ","0","v4299316","15.2","48.9","","","","1"
"1996","Zone 3, Nova Scotia","1203","Owners","Percent","239","units ","0","v4299317","15.3","13.1","","","","1"
"1996","Zone 4, Nova Scotia","1204","Total, households","Percent","239","units ","0","v4299318","16.1","20.0","","","","1"
"1996","Zone 4, Nova Scotia","1204","Renters","Percent","239","units ","0","v4299319","16.2","47.7","","","","1"
"1996","Zone 4, Nova Scotia","1204","Owners","Percent","239","units ","0","v4299320","16.3","12.3","","","","1"
"1996","Zone 5, Nova Scotia","1205","Total, households","Percent","239","units ","0","v4299321","17.1","25.8","","","","1"
"1996","Zone 5, Nova Scotia","1205","Renters","Percent","239","units ","0","v4299322","17.2","57.8","","","","1"
"1996","Zone 5, Nova Scotia","1205","Owners","Percent","239","units ","0","v4299323","17.3","14.7","","","","1"
"1996","Zone 6, Nova Scotia","1206","Total, households","Percent","239","units ","0","v4299324","18.1","26.0","","","","1"
"1996","Zone 6, Nova Scotia","1206","Renters","Percent","239","units ","0","v4299325","18.2","45.5","","","","1"
"1996","Zone 6, Nova Scotia","1206","Owners","Percent","239","units ","0","v4299326","18.3","13.9","","","","1"
"1996","New Brunswick","13","Total, households","Percent","239","units ","0","v4299327","19.1","20.4","","","","1"
"1996","New Brunswick","13","Renters","Percent","239","units ","0","v4299328","19.2","42.0","","","","1"
"1996","New Brunswick","13","Owners","Percent","239","units ","0","v4299329","19.3","12.7","","","","1"
"1996","Region 1, New Brunswick","1301","Total, households","Percent","239","units ","0","v4299330","20.1","20.2","","","","1"
"1996","Region 1, New Brunswick","1301","Renters","Percent","239","units ","0","v4299331","20.2","43.6","","","","1"
"1996","Region 1, New Brunswick","1301","Owners","Percent","239","units ","0","v4299332","20.3","11.8","","","","1"
"1996","Region 2, New Brunswick","1302","Total, households","Percent","239","units ","0","v4299333","21.1","20.4","","","","1"
"1996","Region 2, New Brunswick","1302","Renters","Percent","239","units ","0","v4299334","21.2","40.7","","","","1"
"1996","Region 2, New Brunswick","1302","Owners","Percent","239","units ","0","v4299335","21.3","11.7","","","","1"
"1996","Region 3, New Brunswick","1303","Total, households","Percent","239","units ","0","v4299336","22.1","18.7","","","","1"
"1996","Region 3, New Brunswick","1303","Renters","Percent","239","units ","0","v4299337","22.2","38.2","","","","1"
"1996","Region 3, New Brunswick","1303","Owners","Percent","239","units ","0","v4299338","22.3","11.9","","","","1"
"1996","Region 4, New Brunswick","1304","Total, households","Percent","239","units ","0","v4299339","23.1","25.0","","","","1"
"1996","Region 4, New Brunswick","1304","Renters","Percent","239","units ","0","v4299340","23.2","44.5","","","","1"
"1996","Region 4, New Brunswick","1304","Owners","Percent","239","units ","0","v4299341","23.3","17.5","","","","1"
"1996","Region 5, New Brunswick","1305","Total, households","Percent","239","units ","0","v4299342","24.1","21.0","","","","1"
"1996","Region 5, New Brunswick","1305","Renters","Percent","239","units ","0","v4299343","24.2","44.2","","","","1"
"1996","Region 5, New Brunswick","1305","Owners","Percent","239","units ","0","v4299344","24.3","13.6","","","","1"
"1996","Region 6, New Brunswick","1306","Total, households","Percent","239","units ","0","v4299345","25.1","21.8","","","","1"
"1996","Region 6, New Brunswick","1306","Renters","Percent","239","units ","0","v4299346","25.2","46.2","","","","1"
"1996","Region 6, New Brunswick","1306","Owners","Percent","239","units ","0","v4299347","25.3","14.9","","","","1"
"1996","Region 7, New Brunswick","1307","Total, households","Percent","239","units ","0","v4299348","26.1","18.4","","","","1"
"1996","Region 7, New Brunswick","1307","Renters","Percent","239","units ","0","v4299349","26.2","45.4","","","","1"
"1996","Region 7, New Brunswick","1307","Owners","Percent","239","units ","0","v4299350","26.3","12.6","","","","1"
"1996","Québec","24","Total, households","Percent","239","units ","0","v4299351","27.1","27.9","","","","1"
"1996","Québec","24","Renters","Percent","239","units ","0","v4299352","27.2","42.4","","","","1"
"1996","Québec","24","Owners","Percent","239","units ","0","v4299353","27.3","16.6","","","","1"
"1996","Région du Bas-Saint-Laurent, Québec","2401","Total, households","Percent","239","units ","0","v4299354","28.1","21.0","","","","1"
"1996","Région du Bas-Saint-Laurent, Québec","2401","Renters","Percent","239","units ","0","v4299355","28.2","38.2","","","","1"
"1996","Région du Bas-Saint-Laurent, Québec","2401","Owners","Percent","239","units ","0","v4299356","28.3","13.2","","","","1"
"1996","Région du Saguenay-Lac-Saint-Jean, Québec","2402","Total, households","Percent","239","units ","0","v4299357","29.1","23.6","","","","1"
"1996","Région du Saguenay-Lac-Saint-Jean, Québec","2402","Renters","Percent","239","units ","0","v4299358","29.2","40.0","","","","1"
"1996","Région du Saguenay-Lac-Saint-Jean, Québec","2402","Owners","Percent","239","units ","0","v4299359","29.3","14.6","","","","1"
"1996","Région de Québec, Québec","2403","Total, households","Percent","239","units ","0","v4299360","30.1","26.9","","","","1"
"1996","Région de Québec, Québec","2403","Renters","Percent","239","units ","0","v4299361","30.2","41.9","","","","1"
"1996","Région de Québec, Québec","2403","Owners","Percent","239","units ","0","v4299362","30.3","14.6","","","","1"
"1996","Région de la Mauricie et Centre-du-Québec, Québec","2404","Total, households","Percent","239","units ","0","v4299363","31.1","24.6","","","","1"
"1996","Région de la Mauricie et Centre-du-Québec, Québec","2404","Renters","Percent","239","units ","0","v4299364","31.2","41.7","","","","1"
"1996","Région de la Mauricie et Centre-du-Québec, Québec","2404","Owners","Percent","239","units ","0","v4299365","31.3","14.1","","","","1"
"1996","Région de l'Estrie, Québec","2405","Total, households","Percent","239","units ","0","v4299366","32.1","25.9","","","","1"
"1996","Région de l'Estrie, Québec","2405","Renters","Percent","239","units ","0","v4299367","32.2","41.6","","","","1"
"1996","Région de l'Estrie, Québec","2405","Owners","Percent","239","units ","0","v4299368","32.3","14.8","","","","1"
"1996","Région de Montréal-Centre, Québec","2406","Total, households","Percent","239","units ","0","v4299369","33.1","37.1","","","","1"
"1996","Région de Montréal-Centre, Québec","2406","Renters","Percent","239","units ","0","v4299370","33.2","44.7","","","","1"
"1996","Région de Montréal-Centre, Québec","2406","Owners","Percent","239","units ","0","v4299371","33.3","22.5","","","","1"
"1996","Région de l'Outaouais, Québec","2407","Total, households","Percent","239","units ","0","v4299372","34.1","25.3","","","","1"
"1996","Région de l'Outaouais, Québec","2407","Renters","Percent","239","units ","0","v4299373","34.2","42.0","","","","1"
"1996","Région de l'Outaouais, Québec","2407","Owners","Percent","239","units ","0","v4299374","34.3","15.8","","","","1"
"1996","Région de l'Abitibi-Témiscamingue, Québec","2408","Total, households","Percent","239","units ","0","v4299375","35.1","23.1","","","","1"
"1996","Région de l'Abitibi-Témiscamingue, Québec","2408","Renters","Percent","239","units ","0","v4299376","35.2","39.5","","","","1"
"1996","Région de l'Abitibi-Témiscamingue, Québec","2408","Owners","Percent","239","units ","0","v4299377","35.3","13.3","","","","1"
"1996","Région de la Côte-Nord, Québec","2409","Total, households","Percent","239","units ","0","v4299378","36.1","18.1","","","","1"
"1996","Région de la Côte-Nord, Québec","2409","Renters","Percent","239","units ","0","v4299379","36.2","33.1","","","","1"
"1996","Région de la Côte-Nord, Québec","2409","Owners","Percent","239","units ","0","v4299380","36.3","11.2","","","","1"
"1996","Région du Nord-du-Québec, Québec","2410","Total, households","Percent","239","units ","0","v4299381","37.1","15.7","","","","1"
"1996","Région du Nord-du-Québec, Québec","2410","Renters","Percent","239","units ","0","v4299382","37.2","23.6","","","","1"
"1996","Région du Nord-du-Québec, Québec","2410","Owners","Percent","239","units ","0","v4299383","37.3","12.1","","","","1"
"1996","Région de la Gaspésie-Îles-de-la-Madeleine, Québec","2411","Total, households","Percent","239","units ","0","v4299384","38.1","20.0","","","","1"
"1996","Région de la Gaspésie-Îles-de-la-Madeleine, Québec","2411","Renters","Percent","239","units ","0","v4299385","38.2","37.8","","","","1"
"1996","Région de la Gaspésie-Îles-de-la-Madeleine, Québec","2411","Owners","Percent","239","units ","0","v4299386","38.3","14.0","","","","1"
"1996","Région de la Chaudière-Appalaches, Québec","2412","Total, households","Percent","239","units ","0","v4299387","39.1","19.0","","","","1"
"1996","Région de la Chaudière-Appalaches, Québec","2412","Renters","Percent","239","units ","0","v4299388","39.2","34.3","","","","1"
"1996","Région de la Chaudière-Appalaches, Québec","2412","Owners","Percent","239","units ","0","v4299389","39.3","13.0","","","","1"
"1996","Région de Laval, Québec","2413","Total, households","Percent","239","units ","0","v4299390","40.1","27.8","","","","1"
"1996","Région de Laval, Québec","2413","Renters","Percent","239","units ","0","v4299391","40.2","42.7","","","","1"
"1996","Région de Laval, Québec","2413","Owners","Percent","239","units ","0","v4299392","40.3","19.7","","","","1"
"1996","Région de Lanaudière, Québec","2414","Total, households","Percent","239","units ","0","v4299393","41.1","24.3","","","","1"
"1996","Région de Lanaudière, Québec","2414","Renters","Percent","239","units ","0","v4299394","41.2","43.8","","","","1"
"1996","Région de Lanaudière, Québec","2414","Owners","Percent","239","units ","0","v4299395","41.3","17.6","","","","1"
"1996","Région des Laurentides, Québec","2415","Total, households","Percent","239","units ","0","v4299396","42.1","26.5","","","","1"
"1996","Région des Laurentides, Québec","2415","Renters","Percent","239","units ","0","v4299397","42.2","44.3","","","","1"
"1996","Région des Laurentides, Québec","2415","Owners","Percent","239","units ","0","v4299398","42.3","18.0","","","","1"
"1996","Région de la Montérégie, Québec","2416","Total, households","Percent","239","units ","0","v4299399","43.1","24.1","","","","1"
"1996","Région de la Montérégie, Québec","2416","Renters","Percent","239","units ","0","v4299400","43.2","40.4","","","","1"
"1996","Région de la Montérégie, Québec","2416","Owners","Percent","239","units ","0","v4299401","43.3","15.6","","","","1"
"1996","Région du Nunavik, Québec","2417","Total, households","Percent","239","units ","0","v4299402","44.1","3.3","","","","1"
"1996","Région du Nunavik, Québec","2417","Renters","Percent","239","units ","0","v21570999","44.2","3.3","","","","1"
"1996","Ontario by District Health Council","35","Total, households","Percent","239","units ","0","v4299404","46.1","28.0","","","","1"
"1996","Ontario by District Health Council","35","Renters","Percent","239","units ","0","v4299405","46.2","44.2","","","","1"
"1996","Ontario by District Health Council","35","Owners","Percent","239","units ","0","v4299406","46.3","18.9","","","","1"
"1996","Champlain District Health Council, Ontario","3501","Total, households","Percent","239","units ","0","v4299407","47.1","25.9","","","","1"
"1996","Champlain District Health Council, Ontario","3501","Renters","Percent","239","units ","0","v4299408","47.2","42.2","","","","1"
"1996","Champlain District Health Council, Ontario","3501","Owners","Percent","239","units ","0","v4299409","47.3","15.3","","","","1"
"1996","Quinte-Kingston and Rideau DHC, Ontario","3502","Total, households","Percent","239","units ","0","v4299410","48.1","26.4","","","","1"
"1996","Quinte-Kingston and Rideau DHC, Ontario","3502","Renters","Percent","239","units ","0","v4299411","48.2","47.6","","","","1"
"1996","Quinte-Kingston and Rideau DHC, Ontario","3502","Owners","Percent","239","units ","0","v4299412","48.3","16.7","","","","1"
"1996","Durham-Haliburton-Kawartha and Pine Ridge DHC, Ontario","3503","Total, households","Percent","239","units ","0","v4299413","49.1","26.8","","","","1"
"1996","Durham-Haliburton-Kawartha and Pine Ridge DHC, Ontario","3503","Renters","Percent","239","units ","0","v4299414","49.2","46.6","","","","1"
"1996","Durham-Haliburton-Kawartha and Pine Ridge DHC, Ontario","3503","Owners","Percent","239","units ","0","v4299415","49.3","20.3","","","","1"
"1996","Toronto District Health Council, Ontario","3504","Total, households","Percent","239","units ","0","v4299416","50.1","34.7","","","","1"
"1996","Toronto District Health Council, Ontario","3504","Renters","Percent","239","units ","0","v4299417","50.2","44.8","","","","1"
"1996","Toronto District Health Council, Ontario","3504","Owners","Percent","239","units ","0","v4299418","50.3","23.4","","","","1"
"1996","Simcoe-York District Health Council, Ontario","3505","Total, households","Percent","239","units ","0","v4299419","51.1","28.2","","","","1"
"1996","Simcoe-York District Health Council, Ontario","3505","Renters","Percent","239","units ","0","v4299420","51.2","44.7","","","","1"
"1996","Simcoe-York District Health Council, Ontario","3505","Owners","Percent","239","units ","0","v4299421","51.3","23.7","","","","1"
"1996","Halton-Peel District Health Council, Ontario","3506","Total, households","Percent","239","units ","0","v4299422","52.1","27.7","","","","1"
"1996","Halton-Peel District Health Council, Ontario","3506","Renters","Percent","239","units ","0","v4299423","52.2","39.1","","","","1"
"1996","Halton-Peel District Health Council, Ontario","3506","Owners","Percent","239","units ","0","v4299424","52.3","23.0","","","","1"
"1996","Waterloo-Wellington-Dufferin DHC, Ontario","3507","Total, households","Percent","239","units ","0","v4299425","53.1","25.1","","","","1"
"1996","Waterloo-Wellington-Dufferin DHC, Ontario","3507","Renters","Percent","239","units ","0","v4299426","53.2","40.7","","","","1"
"1996","Waterloo-Wellington-Dufferin DHC, Ontario","3507","Owners","Percent","239","units ","0","v4299427","53.3","16.9","","","","1"
"1996","Hamilton-Wentworth DHC, Ontario","3508","Total, households","Percent","239","units ","0","v4299428","54.1","28.5","","","","1"
"1996","Hamilton-Wentworth DHC, Ontario","3508","Renters","Percent","239","units ","0","v4299429","54.2","46.8","","","","1"
"1996","Hamilton-Wentworth DHC, Ontario","3508","Owners","Percent","239","units ","0","v4299430","54.3","17.6","","","","1"
"1996","Niagara District Health Council, Ontario","3509","Total, households","Percent","239","units ","0","v4299431","55.1","25.1","","","","1"
"1996","Niagara District Health Council, Ontario","3509","Renters","Percent","239","units ","0","v4299432","55.2","48.0","","","","1"
"1996","Niagara District Health Council, Ontario","3509","Owners","Percent","239","units ","0","v4299433","55.3","15.9","","","","1"
"1996","Grand River DHC, Ontario","3510","Total, households","Percent","239","units ","0","v4299434","56.1","24.4","","","","1"
"1996","Grand River DHC, Ontario","3510","Renters","Percent","239","units ","0","v4299435","56.2","45.2","","","","1"
"1996","Grand River DHC, Ontario","3510","Owners","Percent","239","units ","0","v4299436","56.3","16.4","","","","1"
"1996","Thames Valley DHC, Ontario","3511","Total, households","Percent","239","units ","0","v4299437","57.1","26.9","","","","1"
"1996","Thames Valley DHC, Ontario","3511","Renters","Percent","239","units ","0","v4299438","57.2","45.4","","","","1"
"1996","Thames Valley DHC, Ontario","3511","Owners","Percent","239","units ","0","v4299439","57.3","16.1","","","","1"
"1996","Essex-Kent and Lambton DHC, Ontario","3512","Total, households","Percent","239","units ","0","v4299440","58.1","22.7","","","","1"
"1996","Essex-Kent and Lambton DHC, Ontario","3512","Renters","Percent","239","units ","0","v4299441","58.2","44.8","","","","1"
"1996","Essex-Kent and Lambton DHC, Ontario","3512","Owners","Percent","239","units ","0","v4299442","58.3","13.4","","","","1"
"1996","Grey-Bruce-Huron and Perth DHC, Ontario","3513","Total, households","Percent","239","units ","0","v4299443","59.1","22.3","","","","1"
"1996","Grey-Bruce-Huron and Perth DHC, Ontario","3513","Renters","Percent","239","units ","0","v4299444","59.2","42.0","","","","1"
"1996","Grey-Bruce-Huron and Perth DHC, Ontario","3513","Owners","Percent","239","units ","0","v4299445","59.3","15.0","","","","1"
"1996","Muskoka-Nipissing and Parry Sound DHC, Ontario","3514","Total, households","Percent","239","units ","0","v4299446","60.1","27.4","","","","1"
"1996","Muskoka-Nipissing and Parry Sound DHC, Ontario","3514","Renters","Percent","239","units ","0","v4299447","60.2","47.8","","","","1"
"1996","Muskoka-Nipissing and Parry Sound DHC, Ontario","3514","Owners","Percent","239","units ","0","v4299448","60.3","19.0","","","","1"
"1996","Algoma-Cochrane-Manitoulin and Sudbury DHC, Ontario","3515","Total, households","Percent","239","units ","0","v4299449","61.1","24.7","","","","1"
"1996","Algoma-Cochrane-Manitoulin and Sudbury DHC, Ontario","3515","Renters","Percent","239","units ","0","v4299450","61.2","46.5","","","","1"
"1996","Algoma-Cochrane-Manitoulin and Sudbury DHC, Ontario","3515","Owners","Percent","239","units ","0","v4299451","61.3","13.6","","","","1"
"1996","Northwestern Ontario DHC, Ontario","3516","Total, households","Percent","239","units ","0","v4299452","62.1","19.1","","","","1"
"1996","Northwestern Ontario DHC, Ontario","3516","Renters","Percent","239","units ","0","v4299453","62.2","39.2","","","","1"
"1996","Northwestern Ontario DHC, Ontario","3516","Owners","Percent","239","units ","0","v4299454","62.3","11.4","","","","1"
"1996","Ontario by Health Unit","35","Total, households","Percent","239","units ","0","v4299455","63.1","28.0","","","","1"
"1996","Ontario by Health Unit","35","Renters","Percent","239","units ","0","v4299456","63.2","44.2","","","","1"
"1996","Ontario by Health Unit","35","Owners","Percent","239","units ","0","v4299457","63.3","18.9","","","","1"
"1996","Algoma Public Health Unit, Ontario","3526","Total, households","Percent","239","units ","0","v4299458","64.1","24.5","","","","1"
"1996","Algoma Public Health Unit, Ontario","3526","Renters","Percent","239","units ","0","v4299459","64.2","48.1","","","","1"
"1996","Algoma Public Health Unit, Ontario","3526","Owners","Percent","239","units ","0","v4299460","64.3","13.4","","","","1"
"1996","Brant Public Health Unit, Ontario","3527","Total, households","Percent","239","units ","0","v4299461","65.1","26.0","","","","1"
"1996","Brant Public Health Unit, Ontario","3527","Renters","Percent","239","units ","0","v4299462","65.2","47.8","","","","1"
"1996","Brant Public Health Unit, Ontario","3527","Owners","Percent","239","units ","0","v4299463","65.3","16.3","","","","1"
"1996","Durham Public Health Unit, Ontario","3530","Total, households","Percent","239","units ","0","v4299464","66.1","26.5","","","","1"
"1996","Durham Public Health Unit, Ontario","3530","Renters","Percent","239","units ","0","v4299465","66.2","43.3","","","","1"
"1996","Durham Public Health Unit, Ontario","3530","Owners","Percent","239","units ","0","v4299466","66.3","21.1","","","","1"
"1996","Elgin-St Thomas Public Health Unit, Ontario","3531","Total, households","Percent","239","units ","0","v4299467","67.1","23.7","","","","1"
"1996","Elgin-St Thomas Public Health Unit, Ontario","3531","Renters","Percent","239","units ","0","v4299468","67.2","42.0","","","","1"
"1996","Elgin-St Thomas Public Health Unit, Ontario","3531","Owners","Percent","239","units ","0","v4299469","67.3","16.1","","","","1"
"1996","Bruce-Grey-Owen Sound Public Health Unit, Ontario","3533","Total, households","Percent","239","units ","0","v4299470","68.1","23.6","","","","1"
"1996","Bruce-Grey-Owen Sound Public Health Unit, Ontario","3533","Renters","Percent","239","units ","0","v4299471","68.2","46.0","","","","1"
"1996","Bruce-Grey-Owen Sound Public Health Unit, Ontario","3533","Owners","Percent","239","units ","0","v4299472","68.3","16.0","","","","1"
"1996","Haldimand-Norfolk Public Health Unit, Ontario","3534","Total, households","Percent","239","units ","0","v4299473","69.1","22.5","","","","1"
"1996","Haldimand-Norfolk Public Health Unit, Ontario","3534","Renters","Percent","239","units ","0","v4299474","69.2","41.3","","","","1"
"1996","Haldimand-Norfolk Public Health Unit, Ontario","3534","Owners","Percent","239","units ","0","v4299475","69.3","16.5","","","","1"
"1996","Haliburton-Kawartha-Pine Ridge Public Health Unit, Ontario","3535","Total, households","Percent","239","units ","0","v4299476","70.1","26.6","","","","1"
"1996","Haliburton-Kawartha-Pine Ridge Public Health Unit, Ontario","3535","Renters","Percent","239","units ","0","v4299477","70.2","48.9","","","","1"
"1996","Haliburton-Kawartha-Pine Ridge Public Health Unit, Ontario","3535","Owners","Percent","239","units ","0","v4299478","70.3","20.1","","","","1"
"1996","Halton Public Health Unit, Ontario","3536","Total, households","Percent","239","units ","0","v4299479","71.1","22.7","","","","1"
"1996","Halton Public Health Unit, Ontario","3536","Renters","Percent","239","units ","0","v4299480","71.2","37.9","","","","1"
"1996","Halton Public Health Unit, Ontario","3536","Owners","Percent","239","units ","0","v4299481","71.3","17.6","","","","1"
"1996","Hamilton Public Health Unit, Ontario","3537","Total, households","Percent","239","units ","0","v4299482","72.1","28.5","","","","1"
"1996","Hamilton Public Health Unit, Ontario","3537","Renters","Percent","239","units ","0","v4299483","72.2","46.8","","","","1"
"1996","Hamilton Public Health Unit, Ontario","3537","Owners","Percent","239","units ","0","v4299484","72.3","17.6","","","","1"
"1996","Hastings and Prince Edward Public Health Unit, Ontario","3538","Total, households","Percent","239","units ","0","v4299485","73.1","27.5","","","","1"
"1996","Hastings and Prince Edward Public Health Unit, Ontario","3538","Renters","Percent","239","units ","0","v4299486","73.2","48.3","","","","1"
"1996","Hastings and Prince Edward Public Health Unit, Ontario","3538","Owners","Percent","239","units ","0","v4299487","73.3","18.0","","","","1"
"1996","Huron Public Health Unit, Ontario","3539","Total, households","Percent","239","units ","0","v4299488","74.1","21.0","","","","1"
"1996","Huron Public Health Unit, Ontario","3539","Renters","Percent","239","units ","0","v4299489","74.2","39.8","","","","1"
"1996","Huron Public Health Unit, Ontario","3539","Owners","Percent","239","units ","0","v4299490","74.3","14.5","","","","1"
"1996","Kent-Chatham Public Health Unit, Ontario","3540","Total, households","Percent","239","units ","0","v4299491","75.1","21.6","","","","1"
"1996","Kent-Chatham Public Health Unit, Ontario","3540","Renters","Percent","239","units ","0","v4299492","75.2","42.0","","","","1"
"1996","Kent-Chatham Public Health Unit, Ontario","3540","Owners","Percent","239","units ","0","v4299493","75.3","12.4","","","","1"
"1996","Kingston-Frontenac-Lennox and Addington Public Health Unit, Ontario","3541","Total, households","Percent","239","units ","0","v4299494","76.1","28.2","","","","1"
"1996","Kingston-Frontenac-Lennox and Addington Public Health Unit, Ontario","3541","Renters","Percent","239","units ","0","v4299495","76.2","47.7","","","","1"
"1996","Kingston-Frontenac-Lennox and Addington Public Health Unit, Ontario","3541","Owners","Percent","239","units ","0","v4299496","76.3","17.1","","","","1"
"1996","Lambton Public Health Unit, Ontario","3542","Total, households","Percent","239","units ","0","v4299497","77.1","21.1","","","","1"
"1996","Lambton Public Health Unit, Ontario","3542","Renters","Percent","239","units ","0","v4299498","77.2","45.5","","","","1"
"1996","Lambton Public Health Unit, Ontario","3542","Owners","Percent","239","units ","0","v4299499","77.3","12.2","","","","1"
"1996","Leeds-Grenville-Lanark Public Health Unit, Ontario","3543","Total, households","Percent","239","units ","0","v4299500","78.1","23.3","","","","1"
"1996","Leeds-Grenville-Lanark Public Health Unit, Ontario","3543","Renters","Percent","239","units ","0","v4299501","78.2","46.7","","","","1"
"1996","Leeds-Grenville-Lanark Public Health Unit, Ontario","3543","Owners","Percent","239","units ","0","v4299502","78.3","15.2","","","","1"
"1996","Middlesex-London Public Health Unit, Ontario","3544","Total, households","Percent","239","units ","0","v4299503","79.1","28.5","","","","1"
"1996","Middlesex-London Public Health Unit, Ontario","3544","Renters","Percent","239","units ","0","v4299504","79.2","46.4","","","","1"
"1996","Middlesex-London Public Health Unit, Ontario","3544","Owners","Percent","239","units ","0","v4299505","79.3","16.7","","","","1"
"1996","Muskoka-Parry Sound Public Health Unit, Ontario","3545","Total, households","Percent","239","units ","0","v4299506","80.1","27.3","","","","1"
"1996","Muskoka-Parry Sound Public Health Unit, Ontario","3545","Renters","Percent","239","units ","0","v4299507","80.2","49.2","","","","1"
"1996","Muskoka-Parry Sound Public Health Unit, Ontario","3545","Owners","Percent","239","units ","0","v4299508","80.3","20.9","","","","1"
"1996","Niagara Public Health Unit, Ontario","3546","Total, households","Percent","239","units ","0","v4299509","81.1","25.1","","","","1"
"1996","Niagara Public Health Unit, Ontario","3546","Renters","Percent","239","units ","0","v4299510","81.2","48.0","","","","1"
"1996","Niagara Public Health Unit, Ontario","3546","Owners","Percent","239","units ","0","v4299511","81.3","15.9","","","","1"
"1996","North Bay Public Health Unit, Ontario","3547","Total, households","Percent","239","units ","0","v4299512","82.1","29.3","","","","1"
"1996","North Bay Public Health Unit, Ontario","3547","Renters","Percent","239","units ","0","v4299513","82.2","47.9","","","","1"
"1996","North Bay Public Health Unit, Ontario","3547","Owners","Percent","239","units ","0","v4299514","82.3","19.1","","","","1"
"1996","Northwestern Public Health Unit, Ontario","3549","Total, households","Percent","239","units ","0","v4299515","83.1","16.9","","","","1"
"1996","Northwestern Public Health Unit, Ontario","3549","Renters","Percent","239","units ","0","v4299516","83.2","36.5","","","","1"
"1996","Northwestern Public Health Unit, Ontario","3549","Owners","Percent","239","units ","0","v4299517","83.3","10.3","","","","1"
"1996","Ottawa Public Health Unit, Ontario","3551","Total, households","Percent","239","units ","0","v4299518","84.1","26.3","","","","1"
"1996","Ottawa Public Health Unit, Ontario","3551","Renters","Percent","239","units ","0","v4299519","84.2","41.2","","","","1"
"1996","Ottawa Public Health Unit, Ontario","3551","Owners","Percent","239","units ","0","v4299520","84.3","15.1","","","","1"
"1996","Oxford Public Health Unit, Ontario","3552","Total, households","Percent","239","units ","0","v4299521","85.1","22.3","","","","1"
"1996","Oxford Public Health Unit, Ontario","3552","Renters","Percent","239","units ","0","v4299522","85.2","41.9","","","","1"
"1996","Oxford Public Health Unit, Ontario","3552","Owners","Percent","239","units ","0","v4299523","85.3","14.0","","","","1"
"1996","Peel Public Health Unit, Ontario","3553","Total, households","Percent","239","units ","0","v4299524","86.1","29.9","","","","1"
"1996","Peel Public Health Unit, Ontario","3553","Renters","Percent","239","units ","0","v4299525","86.2","39.5","","","","1"
"1996","Peel Public Health Unit, Ontario","3553","Owners","Percent","239","units ","0","v4299526","86.3","25.5","","","","1"
"1996","Perth Public Health Unit, Ontario","3554","Total, households","Percent","239","units ","0","v4299527","87.1","20.4","","","","1"
"1996","Perth Public Health Unit, Ontario","3554","Renters","Percent","239","units ","0","v4299528","87.2","36.6","","","","1"
"1996","Perth Public Health Unit, Ontario","3554","Owners","Percent","239","units ","0","v4299529","87.3","12.9","","","","1"
"1996","Peterborough Public Health Unit, Ontario","3555","Total, households","Percent","239","units ","0","v4299530","88.1","28.2","","","","1"
"1996","Peterborough Public Health Unit, Ontario","3555","Renters","Percent","239","units ","0","v4299531","88.2","53.8","","","","1"
"1996","Peterborough Public Health Unit, Ontario","3555","Owners","Percent","239","units ","0","v4299532","88.3","18.0","","","","1"
"1996","Porcupine Public Health Unit, Ontario","3556","Total, households","Percent","239","units ","0","v4299533","89.1","22.3","","","","1"
"1996","Porcupine Public Health Unit, Ontario","3556","Renters","Percent","239","units ","0","v4299534","89.2","41.4","","","","1"
"1996","Porcupine Public Health Unit, Ontario","3556","Owners","Percent","239","units ","0","v4299535","89.3","12.7","","","","1"
"1996","Renfrew Public Health Unit, Ontario","3557","Total, households","Percent","239","units ","0","v4299536","90.1","21.1","","","","1"
"1996","Renfrew Public Health Unit, Ontario","3557","Renters","Percent","239","units ","0","v4299537","90.2","40.0","","","","1"
"1996","Renfrew Public Health Unit, Ontario","3557","Owners","Percent","239","units ","0","v4299538","90.3","13.8","","","","1"
"1996","Eastern Ontario Public Health Unit, Ontario","3558","Total, households","Percent","239","units ","0","v4299539","91.1","26.7","","","","1"
"1996","Eastern Ontario Public Health Unit, Ontario","3558","Renters","Percent","239","units ","0","v4299540","91.2","49.6","","","","1"
"1996","Eastern Ontario Public Health Unit, Ontario","3558","Owners","Percent","239","units ","0","v4299541","91.3","17.0","","","","1"
"1996","Simcoe Public Health Unit, Ontario","3560","Total, households","Percent","239","units ","0","v4299542","92.1","28.2","","","","1"
"1996","Simcoe Public Health Unit, Ontario","3560","Renters","Percent","239","units ","0","v4299543","92.2","47.9","","","","1"
"1996","Simcoe Public Health Unit, Ontario","3560","Owners","Percent","239","units ","0","v4299544","92.3","21.3","","","","1"
"1996","Sudbury Public Health Unit, Ontario","3561","Total, households","Percent","239","units ","0","v4299545","93.1","25.8","","","","1"
"1996","Sudbury Public Health Unit, Ontario","3561","Renters","Percent","239","units ","0","v4299546","93.2","47.8","","","","1"
"1996","Sudbury Public Health Unit, Ontario","3561","Owners","Percent","239","units ","0","v4299547","93.3","14.1","","","","1"
"1996","Thunder Bay Public Health Unit, Ontario","3562","Total, households","Percent","239","units ","0","v4299548","94.1","20.0","","","","1"
"1996","Thunder Bay Public Health Unit, Ontario","3562","Renters","Percent","239","units ","0","v4299549","94.2","40.2","","","","1"
"1996","Thunder Bay Public Health Unit, Ontario","3562","Owners","Percent","239","units ","0","v4299550","94.3","11.9","","","","1"
"1996","Timiskaming Public Health Unit, Ontario","3563","Total, households","Percent","239","units ","0","v4299551","95.1","23.7","","","","1"
"1996","Timiskaming Public Health Unit, Ontario","3563","Renters","Percent","239","units ","0","v4299552","95.2","45.4","","","","1"
"1996","Timiskaming Public Health Unit, Ontario","3563","Owners","Percent","239","units ","0","v4299553","95.3","14.7","","","","1"
"1996","Waterloo Public Health Unit, Ontario","3565","Total, households","Percent","239","units ","0","v4299554","96.1","25.3","","","","1"
"1996","Waterloo Public Health Unit, Ontario","3565","Renters","Percent","239","units ","0","v4299555","96.2","41.3","","","","1"
"1996","Waterloo Public Health Unit, Ontario","3565","Owners","Percent","239","units ","0","v4299556","96.3","15.9","","","","1"
"1996","Wellington-Dufferin-Guelph Public Health Unit, Ontario","3566","Total, households","Percent","239","units ","0","v4299557","97.1","24.8","","","","1"
"1996","Wellington-Dufferin-Guelph Public Health Unit, Ontario","3566","Renters","Percent","239","units ","0","v4299558","97.2","39.3","","","","1"
"1996","Wellington-Dufferin-Guelph Public Health Unit, Ontario","3566","Owners","Percent","239","units ","0","v4299559","97.3","18.6","","","","1"
"1996","Windsor-Essex Public Health Unit, Ontario","3568","Total, households","Percent","239","units ","0","v4299560","98.1","23.6","","","","1"
"1996","Windsor-Essex Public Health Unit, Ontario","3568","Renters","Percent","239","units ","0","v4299561","98.2","45.5","","","","1"
"1996","Windsor-Essex Public Health Unit, Ontario","3568","Owners","Percent","239","units ","0","v4299562","98.3","14.2","","","","1"
"1996","York Public Health Unit, Ontario","3570","Total, households","Percent","239","units ","0","v4299563","99.1","28.2","","","","1"
"1996","York Public Health Unit, Ontario","3570","Renters","Percent","239","units ","0","v4299564","99.2","41.7","","","","1"
"1996","York Public Health Unit, Ontario","3570","Owners","Percent","239","units ","0","v4299565","99.3","25.2","","","","1"
"1996","Toronto Public Health Unit, Ontario","3595","Total, households","Percent","239","units ","0","v4299566","100.1","34.7","","","","1"
"1996","Toronto Public Health Unit, Ontario","3595","Renters","Percent","239","units ","0","v4299567","100.2","44.8","","","","1"
"1996","Toronto Public Health Unit, Ontario","3595","Owners","Percent","239","units ","0","v4299568","100.3","23.5","","","","1"
"1996","Manitoba","46","Total, households","Percent","239","units ","0","v4299569","101.1","20.8","","","","1"
"1996","Manitoba","46","Renters","Percent","239","units ","0","v4299570","101.2","40.4","","","","1"
"1996","Manitoba","46","Owners","Percent","239","units ","0","v4299571","101.3","11.0","","","","1"
"1996","Winnipeg, Manitoba","4610","Total, households","Percent","239","units ","0","v4299572","102.1","23.9","","","","1"
"1996","Winnipeg, Manitoba","4610","Renters","Percent","239","units ","0","v4299573","102.2","43.5","","","","1"
"1996","Winnipeg, Manitoba","4610","Owners","Percent","239","units ","0","v4299574","102.3","12.1","","","","1"
"1996","Brandon, Manitoba","4615","Total, households","Percent","239","units ","0","v4299575","103.1","20.6","","","","1"
"1996","Brandon, Manitoba","4615","Renters","Percent","239","units ","0","v4299576","103.2","40.0","","","","1"
"1996","Brandon, Manitoba","4615","Owners","Percent","239","units ","0","v4299577","103.3","8.2","","","","1"
"1996","North Eastman, Manitoba","4620","Total, households","Percent","239","units ","0","v4299578","104.1","11.9","","","","1"
"1996","North Eastman, Manitoba","4620","Renters","Percent","239","units ","0","v4299579","104.2","26.0","","","","1"
"1996","North Eastman, Manitoba","4620","Owners","Percent","239","units ","0","v4299580","104.3","9.3","","","","1"
"1996","South Eastman, Manitoba","4625","Total, households","Percent","239","units ","0","v4299581","105.1","17.6","","","","1"
"1996","South Eastman, Manitoba","4625","Renters","Percent","239","units ","0","v4299582","105.2","36.4","","","","1"
"1996","South Eastman, Manitoba","4625","Owners","Percent","239","units ","0","v4299583","105.3","13.0","","","","1"
"1996","Interlake, Manitoba","4630","Total, households","Percent","239","units ","0","v4299584","106.1","14.6","","","","1"
"1996","Interlake, Manitoba","4630","Renters","Percent","239","units ","0","v4299585","106.2","35.8","","","","1"
"1996","Interlake, Manitoba","4630","Owners","Percent","239","units ","0","v4299586","106.3","9.9","","","","1"
"1996","Central, Manitoba","4640","Total, households","Percent","239","units ","0","v4299587","107.1","14.5","","","","1"
"1996","Central, Manitoba","4640","Renters","Percent","239","units ","0","v4299588","107.2","31.2","","","","1"
"1996","Central, Manitoba","4640","Owners","Percent","239","units ","0","v4299589","107.3","9.1","","","","1"
"1996","Marquette, Manitoba","4650","Total, households","Percent","239","units ","0","v4299590","108.1","12.9","","","","1"
"1996","Marquette, Manitoba","4650","Renters","Percent","239","units ","0","v4299591","108.2","28.5","","","","1"
"1996","Marquette, Manitoba","4650","Owners","Percent","239","units ","0","v4299592","108.3","8.4","","","","1"
"1996","South Westman, Manitoba","4655","Total, households","Percent","239","units ","0","v4299593","109.1","11.5","","","","1"
"1996","South Westman, Manitoba","4655","Renters","Percent","239","units ","0","v4299594","109.2","23.6","","","","1"
"1996","South Westman, Manitoba","4655","Owners","Percent","239","units ","0","v4299595","109.3","8.2","","","","1"
"1996","Parkland, Manitoba","4660","Total, households","Percent","239","units ","0","v4299596","110.1","16.5","","","","1"
"1996","Parkland, Manitoba","4660","Renters","Percent","239","units ","0","v4299597","110.2","34.4","","","","1"
"1996","Parkland, Manitoba","4660","Owners","Percent","239","units ","0","v4299598","110.3","9.6","","","","1"
"1996","Norman, Manitoba","4670","Total, households","Percent","239","units ","0","v4299599","111.1","13.5","","","","1"
"1996","Norman, Manitoba","4670","Renters","Percent","239","units ","0","v4299600","111.2","25.3","","","","1"
"1996","Norman, Manitoba","4670","Owners","Percent","239","units ","0","v4299601","111.3","7.2","","","","1"
"1996","Burntwood and Churchill, Manitoba","4680, 4690","Total, households","Percent","239","units ","0","v4299602","112.1","","..","","","1"
"1996","Burntwood and Churchill, Manitoba","4680, 4690","Renters","Percent","239","units ","0","v4299603","112.2","","..","","","1"
"1996","Burntwood and Churchill, Manitoba","4680, 4690","Owners","Percent","239","units ","0","v4299604","112.3","","..","","","1"
"1996","Burntwood, Manitoba","4680","Total, households","Percent","239","units ","0","v4299605","113.1","16.9","","","","1"
"1996","Burntwood, Manitoba","4680","Renters","Percent","239","units ","0","v4299606","113.2","28.8","","","","1"
"1996","Burntwood, Manitoba","4680","Owners","Percent","239","units ","0","v4299607","113.3","7.1","","","","1"
"1996","Churchill, Manitoba","4690","Total, households","Percent","239","units ","0","v4299608","114.1","16.0","","","","1"
"1996","Churchill, Manitoba","4690","Renters","Percent","239","units ","0","v4299609","114.2","18.3","","","","1"
"1996","Churchill, Manitoba","4690","Owners","Percent","239","units ","0","v4299610","114.3","9.1","","","","1"
"1996","Saskatchewan","47","Total, households","Percent","239","units ","0","v4299611","115.1","18.5","","","","1"
"1996","Saskatchewan","47","Renters","Percent","239","units ","0","v4299612","115.2","36.6","","","","1"
"1996","Saskatchewan","47","Owners","Percent","239","units ","0","v4299613","115.3","9.8","","","","1"
"1996","Weyburn (A) Service Area, Saskatchewan","4701","Total, households","Percent","239","units ","0","v4299614","116.1","12.8","","","","1"
"1996","Weyburn (A) Service Area, Saskatchewan","4701","Renters","Percent","239","units ","0","v4299615","116.2","25.5","","","","1"
"1996","Weyburn (A) Service Area, Saskatchewan","4701","Owners","Percent","239","units ","0","v4299616","116.3","8.3","","","","1"
"1996","Moose Jaw (B) Service Area, Saskatchewan","4702","Total, households","Percent","239","units ","0","v4299617","117.1","16.4","","","","1"
"1996","Moose Jaw (B) Service Area, Saskatchewan","4702","Renters","Percent","239","units ","0","v4299618","117.2","33.0","","","","1"
"1996","Moose Jaw (B) Service Area, Saskatchewan","4702","Owners","Percent","239","units ","0","v4299619","117.3","8.6","","","","1"
"1996","Swift Current (C) Service Area, Saskatchewan","4703","Total, households","Percent","239","units ","0","v4299620","118.1","12.5","","","","1"
"1996","Swift Current (C) Service Area, Saskatchewan","4703","Renters","Percent","239","units ","0","v4299621","118.2","26.0","","","","1"
"1996","Swift Current (C) Service Area, Saskatchewan","4703","Owners","Percent","239","units ","0","v4299622","118.3","7.4","","","","1"
"1996","Regina (D) Service Area, Saskatchewan","4704","Total, households","Percent","239","units ","0","v4299623","119.1","19.3","","","","1"
"1996","Regina (D) Service Area, Saskatchewan","4704","Renters","Percent","239","units ","0","v4299624","119.2","37.9","","","","1"
"1996","Regina (D) Service Area, Saskatchewan","4704","Owners","Percent","239","units ","0","v4299625","119.3","10.2","","","","1"
"1996","Yorkton (E) Service Area, Saskatchewan","4705","Total, households","Percent","239","units ","0","v4299626","120.1","15.0","","","","1"
"1996","Yorkton (E) Service Area, Saskatchewan","4705","Renters","Percent","239","units ","0","v4299627","120.2","33.2","","","","1"
"1996","Yorkton (E) Service Area, Saskatchewan","4705","Owners","Percent","239","units ","0","v4299628","120.3","8.9","","","","1"
"1996","Saskatoon (F) Service Area, Saskatchewan","4706","Total, households","Percent","239","units ","0","v4299629","121.1","22.0","","","","1"
"1996","Saskatoon (F) Service Area, Saskatchewan","4706","Renters","Percent","239","units ","0","v4299630","121.2","41.7","","","","1"
"1996","Saskatoon (F) Service Area, Saskatchewan","4706","Owners","Percent","239","units ","0","v4299631","121.3","10.7","","","","1"
"1996","Rosetown (G) Service Area, Saskatchewan","4707","Total, households","Percent","239","units ","0","v4299632","122.1","10.3","","","","1"
"1996","Rosetown (G) Service Area, Saskatchewan","4707","Renters","Percent","239","units ","0","v4299633","122.2","19.7","","","","1"
"1996","Rosetown (G) Service Area, Saskatchewan","4707","Owners","Percent","239","units ","0","v4299634","122.3","7.3","","","","1"
"1996","Melfort (H) Service Area, Saskatchewan","4708","Total, households","Percent","239","units ","0","v4299635","123.1","14.9","","","","1"
"1996","Melfort (H) Service Area, Saskatchewan","4708","Renters","Percent","239","units ","0","v4299636","123.2","29.7","","","","1"
"1996","Melfort (H) Service Area, Saskatchewan","4708","Owners","Percent","239","units ","0","v4299637","123.3","9.9","","","","1"
"1996","Prince Albert (I) Service Area, Saskatchewan","4709","Total, households","Percent","239","units ","0","v4299638","124.1","20.2","","","","1"
"1996","Prince Albert (I) Service Area, Saskatchewan","4709","Renters","Percent","239","units ","0","v4299639","124.2","38.9","","","","1"
"1996","Prince Albert (I) Service Area, Saskatchewan","4709","Owners","Percent","239","units ","0","v4299640","124.3","10.7","","","","1"
"1996","North Battleford (J) Service Area, Saskatchewan","4710","Total, households","Percent","239","units ","0","v4299641","125.1","17.7","","","","1"
"1996","North Battleford (J) Service Area, Saskatchewan","4710","Renters","Percent","239","units ","0","v4299642","125.2","34.6","","","","1"
"1996","North Battleford (J) Service Area, Saskatchewan","4710","Owners","Percent","239","units ","0","v4299643","125.3","9.5","","","","1"
"1996","Northern Health Services Branch (K), Saskatchewan","4711","Total, households","Percent","239","units ","0","v4299644","126.1","21.1","","","","1"
"1996","Northern Health Services Branch (K), Saskatchewan","4711","Renters","Percent","239","units ","0","v4299645","126.2","30.7","","","","1"
"1996","Northern Health Services Branch (K), Saskatchewan","4711","Owners","Percent","239","units ","0","v4299646","126.3","12.2","","","","1"
"1996","Alberta","48","Total, households","Percent","239","units ","0","v4299647","127.1","22.5","","","","1"
"1996","Alberta","48","Renters","Percent","239","units ","0","v4299648","127.2","37.5","","","","1"
"1996","Alberta","48","Owners","Percent","239","units ","0","v4299649","127.3","15.1","","","","1"
"1996","Chinook Regional Health Authority, Alberta","4801","Total, households","Percent","239","units ","0","v4299650","128.1","19.9","","","","1"
"1996","Chinook Regional Health Authority, Alberta","4801","Renters","Percent","239","units ","0","v4299651","128.2","39.1","","","","1"
"1996","Chinook Regional Health Authority, Alberta","4801","Owners","Percent","239","units ","0","v4299652","128.3","12.2","","","","1"
"1996","Palliser Health Authority, Alberta","4802","Total, households","Percent","239","units ","0","v4299653","129.1","17.4","","","","1"
"1996","Palliser Health Authority, Alberta","4802","Renters","Percent","239","units ","0","v4299654","129.2","32.7","","","","1"
"1996","Palliser Health Authority, Alberta","4802","Owners","Percent","239","units ","0","v4299655","129.3","11.2","","","","1"
"1996","Headwaters Health Authority, Alberta","4803","Total, households","Percent","239","units ","0","v4299656","130.1","21.6","","","","1"
"1996","Headwaters Health Authority, Alberta","4803","Renters","Percent","239","units ","0","v4299657","130.2","32.1","","","","1"
"1996","Headwaters Health Authority, Alberta","4803","Owners","Percent","239","units ","0","v4299658","130.3","17.7","","","","1"
"1996","Calgary Regional Health Authority, Alberta","4804","Total, households","Percent","239","units ","0","v4299659","131.1","24.1","","","","1"
"1996","Calgary Regional Health Authority, Alberta","4804","Renters","Percent","239","units ","0","v4299660","131.2","37.8","","","","1"
"1996","Calgary Regional Health Authority, Alberta","4804","Owners","Percent","239","units ","0","v4299661","131.3","16.9","","","","1"
"1996","Health Authority #5, Alberta","4805","Total, households","Percent","239","units ","0","v4299662","132.1","18.4","","","","1"
"1996","Health Authority #5, Alberta","4805","Renters","Percent","239","units ","0","v4299663","132.2","29.5","","","","1"
"1996","Health Authority #5, Alberta","4805","Owners","Percent","239","units ","0","v4299664","132.3","14.8","","","","1"
"1996","David Thompson Regional Health Authority, Alberta","4806","Total, households","Percent","239","units ","0","v4299665","133.1","21.7","","","","1"
"1996","David Thompson Regional Health Authority, Alberta","4806","Renters","Percent","239","units ","0","v4299666","133.2","40.2","","","","1"
"1996","David Thompson Regional Health Authority, Alberta","4806","Owners","Percent","239","units ","0","v4299667","133.3","13.5","","","","1"
"1996","East Central Health Authority, Alberta","4807","Total, households","Percent","239","units ","0","v4299668","134.1","16.4","","","","1"
"1996","East Central Health Authority, Alberta","4807","Renters","Percent","239","units ","0","v4299669","134.2","31.1","","","","1"
"1996","East Central Health Authority, Alberta","4807","Owners","Percent","239","units ","0","v4299670","134.3","10.7","","","","1"
"1996","Westview Regional Health Authority, Alberta","4808","Total, households","Percent","239","units ","0","v4299671","135.1","18.8","","","","1"
"1996","Westview Regional Health Authority, Alberta","4808","Renters","Percent","239","units ","0","v4299672","135.2","32.5","","","","1"
"1996","Westview Regional Health Authority, Alberta","4808","Owners","Percent","239","units ","0","v4299673","135.3","15.0","","","","1"
"1996","Crossroads Regional Health Authority, Alberta","4809","Total, households","Percent","239","units ","0","v4299674","136.1","19.3","","","","1"
"1996","Crossroads Regional Health Authority, Alberta","4809","Renters","Percent","239","units ","0","v4299675","136.2","37.6","","","","1"
"1996","Crossroads Regional Health Authority, Alberta","4809","Owners","Percent","239","units ","0","v4299676","136.3","12.9","","","","1"
"1996","Capital Health Authority, Alberta","4810","Total, households","Percent","239","units ","0","v4299677","137.1","25.0","","","","1"
"1996","Capital Health Authority, Alberta","4810","Renters","Percent","239","units ","0","v4299678","137.2","40.4","","","","1"
"1996","Capital Health Authority, Alberta","4810","Owners","Percent","239","units ","0","v4299679","137.3","15.7","","","","1"
"1996","Aspen Regional Health Authority, Alberta","4811","Total, households","Percent","239","units ","0","v4299680","138.1","17.7","","","","1"
"1996","Aspen Regional Health Authority, Alberta","4811","Renters","Percent","239","units ","0","v4299681","138.2","30.1","","","","1"
"1996","Aspen Regional Health Authority, Alberta","4811","Owners","Percent","239","units ","0","v4299682","138.3","14.0","","","","1"
"1996","Lakeland Regional Health Authority, Alberta","4812","Total, households","Percent","239","units ","0","v4299683","139.1","16.9","","","","1"
"1996","Lakeland Regional Health Authority, Alberta","4812","Renters","Percent","239","units ","0","v4299684","139.2","28.4","","","","1"
"1996","Lakeland Regional Health Authority, Alberta","4812","Owners","Percent","239","units ","0","v4299685","139.3","12.9","","","","1"
"1996","Mistahia Regional Health Authority, Alberta","4813","Total, households","Percent","239","units ","0","v4299686","140.1","19.1","","","","1"
"1996","Mistahia Regional Health Authority, Alberta","4813","Renters","Percent","239","units ","0","v4299687","140.2","31.8","","","","1"
"1996","Mistahia Regional Health Authority, Alberta","4813","Owners","Percent","239","units ","0","v4299688","140.3","13.8","","","","1"
"1996","Peace Regional Health Authority, Alberta","4814","Total, households","Percent","239","units ","0","v4299689","141.1","17.3","","","","1"
"1996","Peace Regional Health Authority, Alberta","4814","Renters","Percent","239","units ","0","v4299690","141.2","30.2","","","","1"
"1996","Peace Regional Health Authority, Alberta","4814","Owners","Percent","239","units ","0","v4299691","141.3","12.0","","","","1"
"1996","Keeweetinok Lakes Regional Health Authority, Alberta","4815","Total, households","Percent","239","units ","0","v4299692","142.1","20.7","","","","1"
"1996","Keeweetinok Lakes Regional Health Authority, Alberta","4815","Renters","Percent","239","units ","0","v4299693","142.2","33.8","","","","1"
"1996","Keeweetinok Lakes Regional Health Authority, Alberta","4815","Owners","Percent","239","units ","0","v4299694","142.3","14.9","","","","1"
"1996","Northern Lights Regional Health Authority, Alberta","4816","Total, households","Percent","239","units ","0","v4299695","143.1","15.6","","","","1"
"1996","Northern Lights Regional Health Authority, Alberta","4816","Renters","Percent","239","units ","0","v4299696","143.2","29.6","","","","1"
"1996","Northern Lights Regional Health Authority, Alberta","4816","Owners","Percent","239","units ","0","v4299697","143.3","8.1","","","","1"
"1996","Northwestern Regional Health Authority, Alberta","4817","Total, households","Percent","239","units ","0","v4299698","144.1","14.0","","","","1"
"1996","Northwestern Regional Health Authority, Alberta","4817","Renters","Percent","239","units ","0","v4299699","144.2","16.9","","","","1"
"1996","Northwestern Regional Health Authority, Alberta","4817","Owners","Percent","239","units ","0","v4299700","144.3","12.4","","","","1"
"1996","British Columbia","59","Total, households","Percent","239","units ","0","v4299701","145.1","29.1","","","","1"
"1996","British Columbia","59","Renters","Percent","239","units ","0","v4299702","145.2","46.6","","","","1"
"1996","British Columbia","59","Owners","Percent","239","units ","0","v4299703","145.3","19.6","","","","1"
"1996","East Kootenay, British Columbia","5901","Total, households","Percent","239","units ","0","v4299704","146.1","18.8","","","","1"
"1996","East Kootenay, British Columbia","5901","Renters","Percent","239","units ","0","v4299705","146.2","43.1","","","","1"
"1996","East Kootenay, British Columbia","5901","Owners","Percent","239","units ","0","v4299706","146.3","11.0","","","","1"
"1996","West Kootenay-Boundary, British Columbia","5902","Total, households","Percent","239","units ","0","v4299707","147.1","21.1","","","","1"
"1996","West Kootenay-Boundary, British Columbia","5902","Renters","Percent","239","units ","0","v4299708","147.2","48.5","","","","1"
"1996","West Kootenay-Boundary, British Columbia","5902","Owners","Percent","239","units ","0","v4299709","147.3","13.0","","","","1"
"1996","North Okanagan, British Columbia","5903","Total, households","Percent","239","units ","0","v4299710","148.1","25.4","","","","1"
"1996","North Okanagan, British Columbia","5903","Renters","Percent","239","units ","0","v4299711","148.2","50.3","","","","1"
"1996","North Okanagan, British Columbia","5903","Owners","Percent","239","units ","0","v4299712","148.3","16.7","","","","1"
"1996","South Okanagan Similkameen, British Columbia","5904","Total, households","Percent","239","units ","0","v4299713","149.1","27.1","","","","1"
"1996","South Okanagan Similkameen, British Columbia","5904","Renters","Percent","239","units ","0","v4299714","149.2","50.4","","","","1"
"1996","South Okanagan Similkameen, British Columbia","5904","Owners","Percent","239","units ","0","v4299715","149.3","17.6","","","","1"
"1996","Thompson, British Columbia","5905","Total, households","Percent","239","units ","0","v4299716","150.1","24.7","","","","1"
"1996","Thompson, British Columbia","5905","Renters","Percent","239","units ","0","v4299717","150.2","50.0","","","","1"
"1996","Thompson, British Columbia","5905","Owners","Percent","239","units ","0","v4299718","150.3","14.9","","","","1"
"1996","Fraser Valley, British Columbia","5906","Total, households","Percent","239","units ","0","v4299719","151.1","29.8","","","","1"
"1996","Fraser Valley, British Columbia","5906","Renters","Percent","239","units ","0","v4299720","151.2","49.0","","","","1"
"1996","Fraser Valley, British Columbia","5906","Owners","Percent","239","units ","0","v4299721","151.3","22.1","","","","1"
"1996","South Fraser Valley, British Columbia","5907","Total, households","Percent","239","units ","0","v4299722","152.1","29.5","","","","1"
"1996","South Fraser Valley, British Columbia","5907","Renters","Percent","239","units ","0","v4299723","152.2","47.4","","","","1"
"1996","South Fraser Valley, British Columbia","5907","Owners","Percent","239","units ","0","v4299724","152.3","22.9","","","","1"
"1996","Burnaby/Simon Fraser, British Columbia","5922","Total, households","Percent","239","units ","0","v4299725","153.1","31.2","","","","1"
"1996","Burnaby/Simon Fraser, British Columbia","5922","Renters","Percent","239","units ","0","v4299726","153.2","44.9","","","","1"
"1996","Burnaby/Simon Fraser, British Columbia","5922","Owners","Percent","239","units ","0","v4299727","153.3","22.9","","","","1"
"1996","Burnaby, British Columbia","5917","Total, households","Percent","239","units ","0","v4299728","154.1","32.6","","","","1"
"1996","Burnaby, British Columbia","5917","Renters","Percent","239","units ","0","v4299729","154.2","44.7","","","","1"
"1996","Burnaby, British Columbia","5917","Owners","Percent","239","units ","0","v4299730","154.3","22.7","","","","1"
"1996","Simon Fraser, British Columbia","5908","Total, households","Percent","239","units ","0","v4299731","155.1","30.3","","","","1"
"1996","Simon Fraser, British Columbia","5908","Renters","Percent","239","units ","0","v4299732","155.2","45.2","","","","1"
"1996","Simon Fraser, British Columbia","5908","Owners","Percent","239","units ","0","v4299733","155.3","23.0","","","","1"
"1996","Coast Garibaldi, British Columbia","5909","Total, households","Percent","239","units ","0","v4299734","156.1","26.8","","","","1"
"1996","Coast Garibaldi, British Columbia","5909","Renters","Percent","239","units ","0","v4299735","156.2","45.8","","","","1"
"1996","Coast Garibaldi, British Columbia","5909","Owners","Percent","239","units ","0","v4299736","156.3","19.5","","","","1"
"1996","Central Vancouver Island, British Columbia","5910","Total, households","Percent","239","units ","0","v4299737","157.1","26.8","","","","1"
"1996","Central Vancouver Island, British Columbia","5910","Renters","Percent","239","units ","0","v4299738","157.2","53.8","","","","1"
"1996","Central Vancouver Island, British Columbia","5910","Owners","Percent","239","units ","0","v4299739","157.3","17.0","","","","1"
"1996","Upper Island/Central Coast, British Columbia","5911","Total, households","Percent","239","units ","0","v4299740","158.1","23.3","","","","1"
"1996","Upper Island/Central Coast, British Columbia","5911","Renters","Percent","239","units ","0","v4299741","158.2","43.8","","","","1"
"1996","Upper Island/Central Coast, British Columbia","5911","Owners","Percent","239","units ","0","v4299742","158.3","15.4","","","","1"
"1996","Cariboo, British Columbia","5912","Total, households","Percent","239","units ","0","v4299743","159.1","20.5","","","","1"
"1996","Cariboo, British Columbia","5912","Renters","Percent","239","units ","0","v4299744","159.2","40.5","","","","1"
"1996","Cariboo, British Columbia","5912","Owners","Percent","239","units ","0","v4299745","159.3","13.5","","","","1"
"1996","North West, British Columbia","5913","Total, households","Percent","239","units ","0","v4299746","160.1","17.6","","","","1"
"1996","North West, British Columbia","5913","Renters","Percent","239","units ","0","v4299747","160.2","32.7","","","","1"
"1996","North West, British Columbia","5913","Owners","Percent","239","units ","0","v4299748","160.3","10.7","","","","1"
"1996","Peace Liard, British Columbia","5914","Total, households","Percent","239","units ","0","v4299749","161.1","16.8","","","","1"
"1996","Peace Liard, British Columbia","5914","Renters","Percent","239","units ","0","v4299750","161.2","29.4","","","","1"
"1996","Peace Liard, British Columbia","5914","Owners","Percent","239","units ","0","v4299751","161.3","10.3","","","","1"
"1996","Northern Interior, British Columbia","5915","Total, households","Percent","239","units ","0","v4299752","162.1","19.9","","","","1"
"1996","Northern Interior, British Columbia","5915","Renters","Percent","239","units ","0","v4299753","162.2","42.8","","","","1"
"1996","Northern Interior, British Columbia","5915","Owners","Percent","239","units ","0","v4299754","162.3","11.3","","","","1"
"1996","Vancouver/Richmond, British Columbia","5921","Total, households","Percent","239","units ","0","v4299755","163.1","36.5","","","","1"
"1996","Vancouver/Richmond, British Columbia","5921","Renters","Percent","239","units ","0","v4299756","163.2","46.7","","","","1"
"1996","Vancouver/Richmond, British Columbia","5921","Owners","Percent","239","units ","0","v4299757","163.3","25.1","","","","1"
"1996","Vancouver, British Columbia","5916","Total, households","Percent","239","units ","0","v4299758","164.1","37.6","","","","1"
"1996","Vancouver, British Columbia","5916","Renters","Percent","239","units ","0","v4299759","164.2","47.3","","","","1"
"1996","Vancouver, British Columbia","5916","Owners","Percent","239","units ","0","v4299760","164.3","24.1","","","","1"
"1996","Richmond, British Columbia","5919","Total, households","Percent","239","units ","0","v4299761","165.1","31.8","","","","1"
"1996","Richmond, British Columbia","5919","Renters","Percent","239","units ","0","v4299762","165.2","41.5","","","","1"
"1996","Richmond, British Columbia","5919","Owners","Percent","239","units ","0","v4299763","165.3","27.5","","","","1"
"1996","North Shore, British Columbia","5918","Total, households","Percent","239","units ","0","v4299764","166.1","28.8","","","","1"
"1996","North Shore, British Columbia","5918","Renters","Percent","239","units ","0","v4299765","166.2","44.5","","","","1"
"1996","North Shore, British Columbia","5918","Owners","Percent","239","units ","0","v4299766","166.3","21.2","","","","1"
"1996","Capital, British Columbia","5920","Total, households","Percent","239","units ","0","v4299767","167.1","30.0","","","","1"
"1996","Capital, British Columbia","5920","Renters","Percent","239","units ","0","v4299768","167.2","48.2","","","","1"
"1996","Capital, British Columbia","5920","Owners","Percent","239","units ","0","v4299769","167.3","19.1","","","","1"
"1996","Yukon","60","Total, households","Percent","239","units ","0","v4299770","168.1","21.2","","","","1"
"1996","Yukon","60","Renters","Percent","239","units ","0","v4299771","168.2","28.2","","","","1"
"1996","Yukon","60","Owners","Percent","239","units ","0","v4299772","168.3","16.9","","","","1"
"1996","Yukon","6001","Total, households","Percent","239","units ","0","v4299773","169.1","21.2","","","","1"
"1996","Yukon","6001","Renters","Percent","239","units ","0","v4299774","169.2","28.2","","","","1"
"1996","Yukon","6001","Owners","Percent","239","units ","0","v4299775","169.3","16.9","","","","1"
"1996","Northwest Territories","61","Total, households","Percent","239","units ","0","v4299776","170.1","15.0","","","","1"
"1996","Northwest Territories","61","Renters","Percent","239","units ","0","v4299777","170.2","17.0","","","","1"
"1996","Northwest Territories","61","Owners","Percent","239","units ","0","v4299778","170.3","13.0","","","","1"
"1996","Northwest Territories","6101","Total, households","Percent","239","units ","0","v4299779","171.1","15.0","","","","1"
"1996","Northwest Territories","6101","Renters","Percent","239","units ","0","v4299780","171.2","17.0","","","","1"
"1996","Northwest Territories","6101","Owners","Percent","239","units ","0","v4299781","171.3","13.0","","","","1"
"1996","Nunavut","62","Total, households","Percent","239","units ","0","v4299782","172.1","7.6","","","","1"
"1996","Nunavut","62","Renters","Percent","239","units ","0","v4299783","172.2","7.4","","","","1"
"1996","Nunavut","62","Owners","Percent","239","units ","0","v4299784","172.3","8.6","","","","1"
"1996","Nunavut","6201","Total, households","Percent","239","units ","0","v4299785","173.1","7.6","","","","1"
"1996","Nunavut","6201","Renters","Percent","239","units ","0","v4299786","173.2","7.4","","","","1"
"1996","Nunavut","6201","Owners","Percent","239","units ","0","v4299787","173.3","8.6","","","","1"
